Color Name,Color ID,Digital Color,LRV,h,R,G,B,HEX
Oat Milk,SW9501,,70,96.98,222,218,205,DEDACD
Arrowroote,SW9502,,73,93.47,228,222,207,E4DECF
Cheviot,SW9503,,89,92.75,246,242,232,F6F2E8
Cold Foam,SW9504,,84,97.4,239,236,227,EFECE3
Frost Bite,SW9505,,88,90.67,246,240,229,F6F0E5
Warm Winter,SW9506,,70,91.58,225,217,198,E1D9C6
Cream and Sugar,SW9507,,64,84.42,221,207,185,DDCFB9
Natural Wool,SW9508,,59,87.86,215,201,174,D7C9AE
Steamed Chai,SW9509,,67,88.12,224,212,189,E0D4BD
Peace of Mind,SW9510,,49,88.35,196,185,163,C4B9A3
Warm Oats,SW9511,,63,92.48,216,207,186,D8CFBA
Threaded Loom,SW9512,,54,87.05,206,194,170,CEC2AA
Sleepy Owlet,SW9513,,39,87.16,181,167,141,B5A78D
Zinc Luster,SW9514,,23,87.08,140,131,115,8C8373
Tungsten,SW9515,,8,78.2,88,78,65,584E41
Accolade,SW9516,,62,91.71,213,206,191,D5CEBF
Outrigger,SW9517,,45,90.26,187,178,160,BBB2A0
Featherstone,SW9518,,29,93.84,153,145,124,99917C
Country Tweed,SW9519,,20,89.79,131,123,104,837B68
Nocturne,SW9520,,8,86.56,84,78,66,544E42
Simple Stone,SW9521,,57,95.39,205,199,183,CDC7B7
Meander,SW9522,,42,93.69,182,174,153,B6AE99
Canal Street,SW9523,,29,100.25,150,146,129,969281
Crooked River,SW9524,,18,106.29,121,120,105,797869
Hidden Trail,SW9525,,10,97.23,95,91,77,5F5B4D
Woolen Mittens,SW9526,,46,90.74,191,179,151,BFB397
Worn Khaki,SW9527,,34,92.16,166,156,129,A69C81
Vintage,SW9528,,23,89.4,144,132,104,908468
Twig Basket,SW9529,,16,84.72,125,110,82,7D6E52
Momentum,SW9530,,8,86.75,92,78,46,5C4E2E
Stone Guardians,SW9531,,50,88.82,202,186,151,CABA97
Earthy Ochre,SW9532,,43,89.62,190,174,136,BEAE88
Rattan Palm,SW9533,,28,87.61,158,142,108,9E8E6C
River Reed,SW9534,,25,87.45,148,135,110,94876E
Nettle,SW9535,,11,86.97,102,91,68,665B44
Lamb's Wool,SW9536,,48,79.66,202,181,152,CAB598
Sugared Almond,SW9537,,35,80.04,180,157,123,B49D7B
Tangled Twine,SW9538,,27,80.09,161,138,103,A18A67
Shaker Peg,SW9539,,19,78.03,141,117,83,8D7553
Timber Beam,SW9540,,13,76.01,121,96,64,796040
White Snow,SW9541,,90,101.83,245,244,238,F5F4EE
Natural White,SW9542,,83,101.52,236,235,232,ECEBE8
Gypsum,SW9543,,82,117.68,234,235,231,EAEBE7
Dashing,SW9544,,83,119.31,234,235,232,EAEBE8
Ghosted,SW9545,,75,98.86,226,224,220,E2E0DC
Lunar Lite,SW9546,,73,88.29,224,221,216,E0DDD8
Vessel,SW9547,,58,86.41,205,200,191,CDC8BF
Sweater Weather,SW9548,,60,108.26,204,204,197,CCCCC5
Touch of Grey,SW9549,,62,89.3,209,207,202,D1CFCA
Mercurial,SW9550,,61,82.83,209,204,198,D1CCC6
Skipping Rocks,SW9551,,63,100.02,209,208,201,D1D0C9
Antimony,SW9552,,57,111.19,199,200,193,C7C8C1
Allegory,SW9553,,45,101.36,180,178,169,B4B2A9
Going Grey,SW9554,,22,92,131,128,122,83807A
Storm Warning,SW9555,,14,94.06,105,104,99,696863
Intrepid Grey,SW9556,,76,143.24,224,226,224,E0E2E0
Autonomous,SW9557,,57,132.41,198,199,197,C6C7C5
Castlegate,SW9558,,37,206.08,160,165,165,A0A5A5
Scattered Showers,SW9559,,22,240.56,123,130,133,7B8285
Night Out,SW9560,,14,251.56,101,106,110,656A6E
Guild Grey,SW9561,,63,103.38,210,209,203,D2D1CB
Fortitude,SW9562,,56,97.59,198,197,193,C6C5C1
Bedrock,SW9563,,34,104.9,158,157,153,9E9D99
Before the Storm,SW9564,,18,246.17,116,119,122,74777A
Forged Steel,SW9565,,10,118.76,91,91,89,5B5B59
Grey Heron,SW9566,,65,91.48,214,210,202,D6D2CA
Viaduct,SW9567,,50,88.18,193,187,176,C1BBB0
Smooth Stone,SW9568,,37,88.53,168,162,152,A8A298
Alloy,SW9569,,25,87.96,142,138,129,8E8A81
Ironclad,SW9570,,11,82.05,97,92,85,615C55
Solstice,SW9571,,69,98.72,219,217,210,DBD9D2
Warm Pewter,SW9572,,42,71.21,180,173,166,B4ADA6
Hibernate,SW9573,,38,81.36,172,166,159,ACA69F
Hulett Ore,SW9574,,16,73.77,114,111,108,726F6C
Metropolis,SW9575,,8,22.23,89,80,79,59504F
Whirlwind,SW9576,,63,77.85,216,207,198,D8CFC6
Soft Suede,SW9577,,57,81.27,208,198,184,D0C6B8
Restoration,SW9578,,38,73.02,175,164,153,AFA499
Timeless Taupe,SW9579,,24,66.21,144,131,121,908379
Cracked Pepper,SW9580,,5,49.93,72,60,55,483C37
Cotton ,SW9581,,83,96.93,238,235,225,EEEBE1
White Sand,SW9582,,84,104.87,237,236,231,EDECE7
Sanctuary,SW9583,,76,91.13,230,226,217,E6E2D9
Mortar,SW9584,,74,91.98,227,223,213,E3DFD5
Sunbleached,SW9585,,75,89.74,229,224,215,E5E0D7
White Sesame,SW9586,,71,84.99,227,219,205,E3DBCD
Mushroom,SW9587,,57,86.65,208,199,183,D0C7B7
High Sierra,SW9588,,53,84.22,200,192,179,C8C0B3
Limewash,SW9589,,67,84.54,219,213,203,DBD5CB
Taupe of the Morning,SW9590,,65,83.94,218,210,198,DAD2C6
Whisper,SW9591,,45,87.13,187,178,163,BBB2A3
Illusion,SW9592,,40,86.91,176,168,153,B0A899
Lauriston Stone,SW9593,,22,95.74,134,129,114,868172
Settlement,SW9594,,19,85.41,126,121,112,7E7970
Braintree,SW9595,,12,94.59,101,99,91,65635B
Pachyderm,SW9596,,45,87.56,186,179,166,BAB3A6
Western Reserve,SW9597,,36,90.1,168,162,148,A8A294
Solitary Slate,SW9598,,19,88.13,128,121,109,80796D
Limestone,SW9599,,13,86.2,106,101,92,6A655C
Armory,SW9600,,5,47.29,65,61,60,413D3C
Symmetry,SW9601,,61,82.08,213,203,190,D5CBBE
Studio Beige,SW9602,,46,75.22,193,178,161,C1B2A1
Quarry Stone,SW9603,,27,83.5,151,142,127,978E7F
Tea Leaf,SW9604,,9,66.61,98,83,70,625346
Clove,SW9605,,5,68.61,69,62,57,453E39
Slumber Sloth,SW9606,,56,84.1,206,197,182,CEC5B6
Tanglewood,SW9607,,28,80.76,155,143,126,9B8F7E
Habitat,SW9608,,21,79.74,137,125,109,897D6D
Landmark,SW9609,,15,76.3,118,104,89,766859
Stony Creek,SW9610,,9,75.16,87,83,78,57534E
Minimalist,SW9611,,52,81.31,202,190,173,CABEAD
Perfect Khaki,SW9612,,38,81.1,178,164,146,B2A492
Terrain,SW9613,,23,87.39,140,132,117,8C8475
Carriage Stone,SW9614,,18,83.28,124,116,102,7C7466
Prospect,SW9615,,10,77.49,98,88,75,62584B
Dumpling,SW9616,,64,86.76,216,208,193,D8D0C1
Beachcomber,SW9617,,55,81.85,208,193,172,D0C1AC
Woodbridge,SW9618,,28,76.85,159,142,122,9F8E7A
Teakwood,SW9619,,22,72.96,141,126,109,8D7E6D
Prelude,SW9620,,9,77.13,91,86,79,5B564F
Clean Slate,SW9621,,76,165.53,224,227,226,E0E3E2
White Sail,SW9622,,83,115.51,235,235,231,EBEBE7
Snowbelt,SW9623,,87,133.46,238,241,236,EEF1EC
Winsome Grey,SW9624,,81,143.13,231,233,231,E7E9E7
Grey Mist,SW9625,,75,99.07,228,225,214,E4E1D6
Glacier Bay,SW9626,,75,110.02,225,225,219,E1E1DB
Pacific Fog,SW9627,,71,107.92,220,220,213,DCDCD5
Winter Walk,SW9628,,66,97.41,216,213,204,D8D5CC
Constellation,SW9629,,60,107.69,205,204,195,CDCCC3
Moorstone,SW9630,,63,124.12,207,209,202,CFD1CA
Mantra,SW9631,,75,161.84,220,226,223,DCE2DF
Serenely,SW9632,,66,183.28,206,215,213,CED7D5
Silver Lake,SW9633,,53,206.28,182,195,196,B6C3C4
Morning at Sea,SW9634,,29,217.47,130,151,155,82979B
Stargazer,SW9635,,17,218.23,96,117,122,60757A
Windchill,SW9636,,68,181.04,213,216,215,D5D8D7
Mineral,SW9637,,46,202.3,176,183,183,B0B7B7
Breakwater,SW9638,,38,174.32,162,168,166,A2A8A6
Rain Cloud,SW9639,,11,234.47,83,97,104,536168
Sea Mariner,SW9640,,7,266,67,74,84,434A54
Dew Drop,SW9641,,70,200,212,220,220,D4DCDC
Silver Tipped Sage,SW9642,,54,149.04,191,194,191,BFC2BF
Eventide,SW9643,,41,179.88,163,175,172,A3AFAC
Portsmouth,SW9644,,22,187.22,118,132,130,768482
Big Dipper,SW9645,,6,221.39,65,73,75,41494B
Create,SW9646,,58,112.77,201,202,191,C9CABF
Soft Sage,SW9647,,50,108.43,188,188,174,BCBCAE
Frosted Fern,SW9648,,38,109.85,167,167,150,A7A796
Willowleaf,SW9649,,24,115.49,133,135,123,85877B
Succulent,SW9650,,14,155.11,97,108,100,616C64
Sea Spray,SW9651,,61,135.72,200,206,198,C8CEC6
Hazel Gaze,SW9652,,51,129.18,184,191,177,B8BFB1
Forever Green,SW9653,,44,135.77,170,180,167,AAB4A7
Taiga,SW9654,,21,150.16,118,128,120,768078
Mountain Pass,SW9655,,14,198.06,92,106,106,5C6A6A
Pine Frost,SW9656,,65,129.34,208,213,203,D0D5CB
Piedmont,SW9657,,60,152.82,194,206,197,C2CEC5
Fresh Eucalyptus,SW9658,,48,159.22,173,188,180,ADBCB4
Marine,SW9659,,36,161.83,148,166,157,94A69D
Tarragon,SW9660,,7,229.75,66,78,83,424E53
Radiant Dawn,SW9661,,75,84.71,235,224,206,EBE0CE
Fresh Zest,SW9662,,82,90.36,245,233,207,F5E9CF
Honeypot,SW9663,,75,84.76,246,222,179,F6DEB3
Sun Salutation,SW9664,,66,81.61,245,207,146,F5CF92
Sunny Side Up,SW9665,,65,87.08,247,206,101,F7CE65
Barely Pear,SW9666,,83,103.85,237,235,219,EDEBDB
Carambola,SW9667,,82,101.84,239,235,209,EFEBD1
Wild Lime,SW9668,,72,103.11,227,222,179,E3DEB3
Glade Green,SW9669,,36,107.97,164,165,113,A4A571
Olivetone,SW9670,,11,131.83,78,99,66,4E6342
Serendipity,SW9671,,84,133.5,233,237,231,E9EDE7
Wavecrest,SW9672,,69,131.41,211,220,205,D3DCCD
Valleyview,SW9673,,58,121.09,194,204,172,C2CCAC
Leaflet,SW9674,,30,126.27,139,152,123,8B987B
Westhaven,SW9675,,5,187.87,42,68,66,2A4442
Green Glimpse,SW9676,,82,126.39,231,234,227,E7EAE3
Kingston,SW9677,,70,139.25,212,220,211,D4DCD3
Holly Glen,SW9678,,57,139.49,189,203,187,BDCBBB
Juniper,SW9679,,20,162.58,101,131,117,658375
Night Watch,SW9680,,4,205.3,48,54,54,303636
Rainsong,SW9681,,78,190.75,221,230,229,DDE6E5
Silent Ripple,SW9682,,74,230.94,215,225,229,D7E1E5
Lakeside,SW9683,,47,248.59,173,184,192,ADB8C0
Azure Tide,SW9684,,12,261.74,67,101,133,436585
After the Storm,SW9685,,3,261.14,42,48,55,2A3037
Opalescent,SW9686,,75,266.19,223,224,227,DFE0E3
Blue Iris,SW9687,,73,253.52,220,222,224,DCDEE0
Modern Lavender,SW9688,,40,280.79,168,170,179,A8AAB3
Ripe Berry,SW9689,,10,306.18,92,86,102,5C5666
Mountain Fig,SW9690,,4,281.59,56,60,73,383C49
Crystalline,SW9691,,77,71.52,233,227,222,E9E3DE
Cotton Candy,SW9692,,77,22.17,242,224,223,F2E0DF
Rose Pink,SW9693,,65,15.24,238,202,205,EECACD
Wild Poppy,SW9694,,18,28.17,184,91,87,B85B57
Beetroot,SW9695,,7,23.47,131,51,55,833337
Pale Pink,SW9696,,80,72.06,238,230,222,EEE6DE
Lotus Petal,SW9697,,77,51.61,243,223,214,F3DFD6
Corallite,SW9698,,76,74.41,240,223,205,F0DFCD
Stone Fruit,SW9699,,47,40.34,242,162,140,F2A28C
Full Bloom,SW9700,,26,31.85,209,111,101,D16F65
